,AP,AP50,AP75,APsmall,APmedium,APlarge,AR1,AR10,AR100,ARsmall,ARmedium,ARlarge
0,0.3524045261669024,0.5544554455445544,0.37588401697312585,,0.29514851485148513,0.531078107810781,0.30714285714285716,0.3607142857142857,0.3607142857142857,,0.305,0.5333333333333333
