,resnet50,resnet18,resnet18_nms,resnet50_nms,ensemble
AP,0.7,0.025000000000000005,0.0,0.7,0.4
AP50,1.0,0.08333333333333336,0.0,1.0,0.5
AP75,1.0,0.0,0.0,1.0,0.5
APsmall,,,,,
APmedium,0.6,0.10000000000000002,0.0,0.6,0.0
APlarge,0.8,0.0,0.0,0.8,0.8
AR1,0.55,0.0,0.0,0.55,0.4
AR10,0.7,0.075,0.0,0.7,0.4
AR100,0.7,0.15,0.0,0.7,0.4
ARsmall,,,,,
ARmedium,0.6,0.3,0.0,0.6,0.0
ARlarge,0.8,0.0,0.0,0.8,0.8
