,resnet50,mobilenet_v3,mobilenet_v3_NMS,resnet50_nms,ensemble
AP,0.7504950495049505,0.0,0.0,0.7504950495049505,0.7504950495049505
AP50,1.0,0.0,0.0,1.0,1.0
AP75,1.0,0.0,0.0,1.0,1.0
APsmall,,,,,
APmedium,0.7504950495049505,0.0,0.0,0.7504950495049505,0.7504950495049505
APlarge,,,,,
AR1,0.2,0.0,0.0,0.2,0.2
AR10,0.75,0.0,0.0,0.75,0.75
AR100,0.75,0.0,0.0,0.75,0.75
ARsmall,,,,,
ARmedium,0.75,0.0,0.0,0.75,0.75
ARlarge,,,,,
