,resnet50,resnet18,resnet18_nms,resnet50_nms,ensemble
AP,0.300990099009901,0.0,0.0,0.3504950495049505,0.3504950495049505
AP50,0.8349834983498351,0.0,0.0,1.0,1.0
AP75,0.0,0.0,0.0,0.0,0.0
APsmall,,,,,
APmedium,,,,,
APlarge,0.300990099009901,0.0,0.0,0.3504950495049505,0.3504950495049505
AR1,0.2,0.0,0.0,0.2,0.2
AR10,0.35,0.0,0.0,0.35,0.35
AR100,0.35,0.0,0.0,0.35,0.35
ARsmall,,,,,
ARmedium,,,,,
ARlarge,0.35,0.0,0.0,0.35,0.35
