,resnet50,resnet18,resnet18_nms,resnet50_nms,ensemble
AP,0.17524752475247524,0.0,0.0,0.12524752475247525,0.12524752475247525
AP50,1.0,0.0,0.0,1.0,1.0
AP75,0.0,0.0,0.0,0.0,0.0
APsmall,,,,,
APmedium,,,,,
APlarge,0.17524752475247524,0.0,0.0,0.12524752475247525,0.12524752475247525
AR1,0.05,0.0,0.0,0.05,0.05
AR10,0.3,0.0,0.0,0.15,0.15
AR100,0.3,0.0,0.0,0.15,0.15
ARsmall,,,,,
ARmedium,,,,,
ARlarge,0.3,0.0,0.0,0.15,0.15
