,resnet50,resnet18,resnet18_nms,resnet50_nms,ensemble
AP,0.4596888260254598,0.0,0.0,0.0,0.0
AP50,0.6463932107496466,0.0,0.0,0.0,0.0
AP75,0.6463932107496466,0.0,0.0,0.0,0.0
APsmall,,,,,
APmedium,,,,,
APlarge,0.7252475247524752,0.0,0.0,0.0,0.0
AR1,0.35,0.0,0.0,0.0,0.0
AR10,0.75,0.0,0.0,0.0,0.0
AR100,0.75,0.0,0.0,0.0,0.0
ARsmall,,,,,
ARmedium,,,,,
ARlarge,0.75,0.0,0.0,0.0,0.0
