,resnet50,resnet18,resnet18_nms,resnet50_nms,ensemble
AP,0.6252475247524752,0.04447569756975698,0.0,0.47673267326732677,0.0
AP50,1.0,0.15020252025202524,0.0,0.7524752475247525,0.0
AP75,1.0,0.0,0.0,0.7524752475247525,0.0
APsmall,,,,,
APmedium,0.6252475247524752,0.07768151815181519,0.0,0.47673267326732677,0.0
APlarge,,,,,
AR1,0.325,0.0,0.0,0.325,0.0
AR10,0.625,0.2,0.0,0.475,0.0
AR100,0.625,0.225,0.0,0.475,0.0
ARsmall,,,,,
ARmedium,0.625,0.225,0.0,0.475,0.0
ARlarge,,,,,
