,resnet50,mobilenet_v3,mobilenet_v3_NMS,resnet50_nms,ensemble
AP,0.7752475247524753,0.5085808580858087,0.0504950495049505,0.7752475247524753,0.7752475247524753
AP50,1.0,0.9174917491749175,0.2524752475247525,1.0,1.0
AP75,1.0,0.5,0.0,1.0,1.0
APsmall,,,,,
APmedium,0.9,0.2533333333333333,0.2,0.9,0.9
APlarge,0.8,0.55,0.0,0.8,0.8
AR1,0.55,0.45,0.05,0.55,0.55
AR10,0.775,0.6,0.05,0.775,0.775
AR100,0.775,0.6,0.05,0.775,0.775
ARsmall,,,,,
ARmedium,0.9,0.5,0.2,0.9,0.9
ARlarge,0.8,0.55,0.0,0.8,0.8
