,resnet50,mobilenet_v3,mobilenet_v3_NMS,resnet50_nms,ensemble
AP,0.8128712871287128,0.0039603960396039604,0.0,0.8128712871287128,0.8128712871287128
AP50,1.0,0.019801980198019802,0.0,1.0,1.0
AP75,1.0,0.0,0.0,1.0,1.0
APsmall,,,,,
APmedium,0.8128712871287128,0.006435643564356436,0.0,0.8128712871287128,0.8128712871287128
APlarge,,,,,
AR1,0.2,0.0,0.0,0.2,0.2
AR10,0.825,0.0,0.0,0.825,0.825
AR100,0.825,0.05,0.0,0.825,0.825
ARsmall,,,,,
ARmedium,0.825,0.05,0.0,0.825,0.825
ARlarge,,,,,
