,resnet50,resnet18,resnet18_nms,resnet50_nms,ensemble
AP,0.6633993399339934,0.0,0.0,0.6633993399339934,0.6633993399339934
AP50,1.0,0.0,0.0,1.0,1.0
AP75,0.8712871287128713,0.0,0.0,0.8712871287128713,0.8712871287128713
APsmall,,,,,
APmedium,0.6633993399339934,0.0,0.0,0.6633993399339934,0.6633993399339934
APlarge,,,,,
AR1,0.1,0.0,0.0,0.1,0.1
AR10,0.675,0.0,0.0,0.675,0.675
AR100,0.675,0.0,0.0,0.675,0.675
ARsmall,,,,,
ARmedium,0.675,0.0,0.0,0.675,0.675
ARlarge,,,,,
