,AP,AP50,AP75,APsmall,APmedium,APlarge,AR1,AR10,AR100,ARsmall,ARmedium,ARlarge
0,0.3004950495049505,0.3578500707213578,0.3578500707213578,,0.2902970297029703,0.4166666666666667,0.2714285714285714,0.3,0.3,,0.29,0.4166666666666667
