,resnet50,resnet18,resnet18_nms,resnet50_nms,ensemble
AP,0.8,0.009090909090909097,0.0,0.8,0.0
AP50,1.0,0.09090909090909097,0.0,1.0,0.0
AP75,1.0,0.0,0.0,1.0,0.0
APsmall,,,,,
APmedium,0.8,0.009090909090909097,0.0,0.8,0.0
APlarge,,,,,
AR1,0.8,0.0,0.0,0.8,0.0
AR10,0.8,0.0,0.0,0.8,0.0
AR100,0.8,0.1,0.0,0.8,0.0
ARsmall,,,,,
ARmedium,0.8,0.1,0.0,0.8,0.0
ARlarge,,,,,
