,resnet50,resnet18,resnet18_nms,resnet50_nms,ensemble
AP,0.45049504950495045,0.0,0.0,0.2524752475247525,0.0
AP50,1.0,0.0,0.0,0.504950495049505,0.0
AP75,0.0,0.0,0.0,0.0,0.0
APsmall,,,,,
APmedium,0.45049504950495045,0.0,0.0,0.2524752475247525,0.0
APlarge,,,,,
AR1,0.25,0.0,0.0,0.25,0.0
AR10,0.45,0.0,0.0,0.25,0.0
AR100,0.45,0.0,0.0,0.25,0.0
ARsmall,,,,,
ARmedium,0.45,0.0,0.0,0.25,0.0
ARlarge,,,,,
