,resnet50,resnet18,resnet18_nms,resnet50_nms,ensemble
AP,0.16943069306930694,0.0,0.0,0.100990099009901,0.100990099009901
AP50,0.37623762376237624,0.0,0.0,0.2524752475247525,0.2524752475247525
AP75,0.06311881188118812,0.0,0.0,0.0,0.0
APsmall,,,,,
APmedium,,,,,
APlarge,0.16943069306930694,0.0,0.0,0.100990099009901,0.100990099009901
AR1,0.0,0.0,0.0,0.0,0.0
AR10,0.55,0.0,0.0,0.2,0.2
AR100,0.55,0.0,0.0,0.2,0.2
ARsmall,,,,,
ARmedium,,,,,
ARlarge,0.55,0.0,0.0,0.2,0.2
