,resnet50,resnet18,resnet18_nms,resnet50_nms,ensemble
AP,0.8,0.4083333333333333,0.4,0.8,0.8
AP50,1.0,0.5833333333333334,0.5,1.0,1.0
AP75,1.0,0.5,0.5,1.0,1.0
APsmall,,,,,
APmedium,0.8,0.03333333333333334,0.0,0.8,0.8
APlarge,0.8,0.8,0.8,0.8,0.8
AR1,0.8,0.4,0.4,0.8,0.8
AR10,0.8,0.45,0.4,0.8,0.8
AR100,0.8,0.45,0.4,0.8,0.8
ARsmall,,,,,
ARmedium,0.8,0.1,0.0,0.8,0.8
ARlarge,0.8,0.8,0.8,0.8,0.8
