,resnet50,resnet18,resnet18_nms,resnet50_nms,ensemble
AP,0.6504950495049504,0.2,0.2,0.6504950495049504,0.6504950495049504
AP50,1.0,0.5,0.5,1.0,1.0
AP75,0.7524752475247525,0.0,0.0,0.7524752475247525,0.7524752475247525
APsmall,,,,,
APmedium,0.500990099009901,0.0,0.0,0.500990099009901,0.500990099009901
APlarge,0.8,0.4,0.4,0.8,0.8
AR1,0.55,0.2,0.2,0.55,0.55
AR10,0.65,0.2,0.2,0.65,0.65
AR100,0.65,0.2,0.2,0.65,0.65
ARsmall,,,,,
ARmedium,0.5,0.0,0.0,0.5,0.5
ARlarge,0.8,0.4,0.4,0.8,0.8
