,AP,AP50,AP75,APsmall,APmedium,APlarge,AR1,AR10,AR100,ARsmall,ARmedium,ARlarge
0,0.21262376237623762,0.37623762376237624,0.25,,0.0,0.2834983498349835,0.2125,0.2125,0.2125,,0.0,0.2833333333333333
