,resnet50,resnet18,resnet18_nms,resnet50_nms,ensemble
AP,0.700990099009901,0.036571782178217827,0.0,0.700990099009901,0.0
AP50,1.0,0.125,0.0,1.0,0.0
AP75,1.0,0.02805280528052806,0.0,1.0,0.0
APsmall,,,,,
APmedium,0.8,0.02857142857142856,0.0,0.8,0.0
APlarge,0.6,0.6,0.0,0.6,0.0
AR1,0.4,0.0,0.0,0.4,0.0
AR10,0.7,0.1,0.0,0.7,0.0
AR100,0.7,0.4,0.0,0.7,0.0
ARsmall,,,,,
ARmedium,0.8,0.2,0.0,0.8,0.0
ARlarge,0.6,0.6,0.0,0.6,0.0
