,resnet50,resnet18,resnet18_nms,resnet50_nms,ensemble
AP,0.7504950495049505,0.0,0.0,0.7504950495049505,0.7504950495049505
AP50,1.0,0.0,0.0,1.0,1.0
AP75,1.0,0.0,0.0,1.0,1.0
APsmall,,,,,
APmedium,,,,,
APlarge,0.7504950495049505,0.0,0.0,0.7504950495049505,0.7504950495049505
AR1,0.4,0.0,0.0,0.4,0.4
AR10,0.75,0.0,0.0,0.75,0.75
AR100,0.75,0.0,0.0,0.75,0.75
ARsmall,,,,,
ARmedium,,,,,
ARlarge,0.75,0.0,0.0,0.75,0.75
