,resnet50,resnet18,resnet18_nms,resnet50_nms,ensemble
AP,0.7009900990099011,0.02244224422442244,0.0,0.7009900990099011,0.7009900990099011
AP50,1.0,0.1122112211221122,0.0,1.0,1.0
AP75,1.0,0.0,0.0,1.0,1.0
APsmall,,,,,
APmedium,0.7009900990099011,0.02244224422442244,0.0,0.7009900990099011,0.7009900990099011
APlarge,,,,,
AR1,0.3,0.0,0.0,0.3,0.3
AR10,0.7,0.06666666666666667,0.0,0.7,0.7
AR100,0.7,0.06666666666666667,0.0,0.7,0.7
ARsmall,,,,,
ARmedium,0.7,0.06666666666666667,0.0,0.7,0.7
ARlarge,,,,,
