,AP,AP50,AP75,APsmall,APmedium,APlarge,AR1,AR10,AR100,ARsmall,ARmedium,ARlarge
0,0.28775577557755777,0.43333333333333335,0.3333333333333333,,0.3357850070721358,0.31666666666666665,0.24,0.29777777777777775,0.29777777777777775,,0.3357142857142857,0.3333333333333333
