,AP,AP50,AP75,APsmall,APmedium,APlarge,AR1,AR10,AR100,ARsmall,ARmedium,ARlarge
0,0.21095709570957097,0.3108910891089109,0.24422442244224424,,0.3357850070721358,0.12222222222222222,0.1933333333333333,0.21111111111111108,0.21111111111111108,,0.3357142857142857,0.12222222222222222
