,AP,AP50,AP75,APsmall,APmedium,APlarge,AR1,AR10,AR100,ARsmall,ARmedium,ARlarge
0,0.014766619519094765,0.07538896746817539,0.0,,0.029473125884016977,0.011111111111111112,0.013333333333333334,0.017777777777777778,0.02,,0.03571428571428571,0.022222222222222223
