,resnet50,resnet18,resnet18_nms,resnet50_nms,ensemble
AP,0.5757425742574258,0.0,0.0,0.5757425742574258,0.5757425742574258
AP50,1.0,0.0,0.0,1.0,1.0
AP75,0.2524752475247525,0.0,0.0,0.2524752475247525,0.2524752475247525
APsmall,,,,,
APmedium,,,,,
APlarge,0.5757425742574258,0.0,0.0,0.5757425742574258,0.5757425742574258
AR1,0.25,0.0,0.0,0.25,0.25
AR10,0.65,0.0,0.0,0.65,0.65
AR100,0.65,0.0,0.0,0.65,0.65
ARsmall,,,,,
ARmedium,,,,,
ARlarge,0.65,0.0,0.0,0.65,0.65
