,resnet50,resnet18,resnet18_nms,resnet50_nms,ensemble
AP,0.9252475247524753,0.0,0.0,0.9252475247524753,0.9252475247524753
AP50,1.0,0.0,0.0,1.0,1.0
AP75,1.0,0.0,0.0,1.0,1.0
APsmall,,,,,
APmedium,0.9252475247524753,0.0,0.0,0.9252475247524753,0.9252475247524753
APlarge,,,,,
AR1,0.45,0.0,0.0,0.45,0.45
AR10,0.95,0.0,0.0,0.95,0.95
AR100,0.95,0.0,0.0,0.95,0.95
ARsmall,,,,,
ARmedium,0.95,0.0,0.0,0.95,0.95
ARlarge,,,,,
