,AP,AP50,AP75,APsmall,APmedium,APlarge,AR1,AR10,AR100,ARsmall,ARmedium,ARlarge
0,0.13403876101895906,0.23659805540993664,0.10643564356435643,,0.08706934773147644,0.5235643564356435,0.0,0.09047619047619046,0.21666666666666662,,0.18461538461538463,0.5375
