,resnet50,resnet18,resnet18_nms,resnet50_nms,ensemble
AP,0.7752475247524753,0.0,0.0,0.7752475247524753,0.7752475247524753
AP50,1.0,0.0,0.0,1.0,1.0
AP75,1.0,0.0,0.0,1.0,1.0
APsmall,,,,,
APmedium,0.7504950495049505,0.0,0.0,0.7504950495049505,0.7504950495049505
APlarge,0.8,0.0,0.0,0.8,0.8
AR1,0.4,0.0,0.0,0.4,0.4
AR10,0.775,0.0,0.0,0.775,0.775
AR100,0.775,0.0,0.0,0.775,0.775
ARsmall,,,,,
ARmedium,0.75,0.0,0.0,0.75,0.75
ARlarge,0.8,0.0,0.0,0.8,0.8
