,resnet50,resnet18,resnet18_nms,resnet50_nms,ensemble
AP,0.65,0.15148514851485148,0.15148514851485148,0.65,0.65
AP50,1.0,0.2524752475247525,0.2524752475247525,1.0,1.0
AP75,1.0,0.2524752475247525,0.2524752475247525,1.0,1.0
APsmall,,,,,
APmedium,0.7,0.30297029702970296,0.30297029702970296,0.7,0.7
APlarge,0.6,0.0,0.0,0.6,0.6
AR1,0.475,0.15,0.15,0.475,0.475
AR10,0.65,0.15,0.15,0.65,0.65
AR100,0.65,0.15,0.15,0.65,0.65
ARsmall,,,,,
ARmedium,0.7,0.3,0.3,0.7,0.7
ARlarge,0.6,0.0,0.0,0.6,0.6
