,resnet50,resnet18,resnet18_nms,resnet50_nms,ensemble
AP,0.75,0.0357142857142857,0.0,0.75,0.75
AP50,1.0,0.0714285714285714,0.0,1.0,1.0
AP75,1.0,0.0,0.0,1.0,1.0
APsmall,,,,,
APmedium,0.8,0.125,0.0,0.8,0.8
APlarge,0.7,0.0,0.0,0.7,0.7
AR1,0.75,0.0,0.0,0.75,0.75
AR10,0.75,0.25,0.0,0.75,0.75
AR100,0.75,0.25,0.0,0.75,0.75
ARsmall,,,,,
ARmedium,0.8,0.5,0.0,0.8,0.8
ARlarge,0.7,0.0,0.0,0.7,0.7
