,resnet50,mobilenet_v3,mobilenet_v3_NMS,resnet50_nms,ensemble
AP,0.700990099009901,0.13118811881188122,0.07574257425742574,0.700990099009901,0.700990099009901
AP50,1.0,0.3624862486248625,0.2524752475247525,1.0,1.0
AP75,1.0,0.05610561056105612,0.0,1.0,1.0
APsmall,,,,,
APmedium,0.8,0.15,0.15,0.8,0.8
APlarge,0.6,0.7,0.0,0.6,0.6
AR1,0.4,0.0,0.0,0.4,0.4
AR10,0.7,0.5,0.15,0.7,0.7
AR100,0.7,0.5,0.15,0.7,0.7
ARsmall,,,,,
ARmedium,0.8,0.3,0.3,0.8,0.8
ARlarge,0.6,0.7,0.0,0.6,0.6
