,resnet50,resnet18,resnet18_nms,resnet50_nms,ensemble
AP,0.7752475247524753,0.21262376237623762,0.2,0.7752475247524753,0.7752475247524753
AP50,1.0,0.6262376237623762,0.5,1.0,1.0
AP75,1.0,0.0,0.0,1.0,1.0
APsmall,,,,,
APmedium,0.9,0.1,0.0,0.9,0.9
APlarge,0.8,0.2,0.2,0.8,0.8
AR1,0.55,0.2,0.2,0.55,0.55
AR10,0.775,0.225,0.2,0.775,0.775
AR100,0.775,0.225,0.2,0.775,0.775
ARsmall,,,,,
ARmedium,0.9,0.1,0.0,0.9,0.9
ARlarge,0.8,0.2,0.2,0.8,0.8
