,AP,AP50,AP75,APsmall,APmedium,APlarge,AR1,AR10,AR100,ARsmall,ARmedium,ARlarge
0,0.028854314002828854,0.03606789250353607,0.03606789250353607,,0.0,0.13333333333333333,0.02857142857142857,0.02857142857142857,0.02857142857142857,,0.0,0.13333333333333333
