,resnet50,resnet18,resnet18_nms,resnet50_nms,ensemble
AP,0.8504950495049505,0.0,0.0,0.8504950495049505,0.8504950495049505
AP50,1.0,0.0,0.0,1.0,1.0
AP75,1.0,0.0,0.0,1.0,1.0
APsmall,,,,,
APmedium,0.8504950495049505,0.0,0.0,0.8504950495049505,0.8504950495049505
APlarge,,,,,
AR1,0.45,0.0,0.0,0.45,0.45
AR10,0.85,0.0,0.0,0.85,0.85
AR100,0.85,0.0,0.0,0.85,0.85
ARsmall,,,,,
ARmedium,0.85,0.0,0.0,0.85,0.85
ARlarge,,,,,
