,resnet50,resnet18,resnet18_nms,resnet50_nms,ensemble
AP,0.8128712871287128,0.0,0.0,0.8128712871287128,0.8128712871287128
AP50,1.0,0.0,0.0,1.0,1.0
AP75,1.0,0.0,0.0,1.0,1.0
APsmall,,,,,
APmedium,0.8128712871287128,0.0,0.0,0.8128712871287128,0.8128712871287128
APlarge,,,,,
AR1,0.2,0.0,0.0,0.2,0.2
AR10,0.825,0.0,0.0,0.825,0.825
AR100,0.825,0.0,0.0,0.825,0.825
ARsmall,,,,,
ARmedium,0.825,0.0,0.0,0.825,0.825
ARlarge,,,,,
