,resnet50,resnet18,resnet18_nms,resnet50_nms,ensemble
AP,0.75,0.09805123369479805,0.0,0.551980198019802,0.551980198019802
AP50,1.0,0.3611111111111111,0.0,0.7524752475247525,0.7524752475247525
AP75,1.0,0.0,0.0,0.7524752475247525,0.7524752475247525
APsmall,,,,,
APmedium,0.75,0.20841584158415846,0.0,0.551980198019802,0.551980198019802
APlarge,,,,,
AR1,0.55,0.0,0.0,0.55,0.55
AR10,0.75,0.425,0.0,0.55,0.55
AR100,0.75,0.425,0.0,0.55,0.55
ARsmall,,,,,
ARmedium,0.75,0.425,0.0,0.55,0.55
ARlarge,,,,,
