,resnet50,resnet18,resnet18_nms,resnet50_nms,ensemble
AP,0.7514851485148515,0.0,0.0,0.7514851485148515,0.7514851485148515
AP50,1.0,0.0,0.0,1.0,1.0
AP75,1.0,0.0,0.0,1.0,1.0
APsmall,,,,,
APmedium,0.7514851485148515,0.0,0.0,0.7514851485148515,0.7514851485148515
APlarge,,,,,
AR1,0.45,0.0,0.0,0.45,0.45
AR10,0.75,0.0,0.0,0.75,0.75
AR100,0.75,0.0,0.0,0.75,0.75
ARsmall,,,,,
ARmedium,0.75,0.0,0.0,0.75,0.75
ARlarge,,,,,
