,resnet50,mobilenet_v3,mobilenet_v3_NMS,resnet50_nms,ensemble
AP,0.4757425742574258,0.0,0.0,0.201980198019802,0.201980198019802
AP50,1.0,0.0,0.0,0.504950495049505,0.504950495049505
AP75,0.2524752475247525,0.0,0.0,0.0,0.0
APsmall,,,,,
APmedium,0.4757425742574258,0.0,0.0,0.201980198019802,0.201980198019802
APlarge,,,,,
AR1,0.2,0.0,0.0,0.2,0.2
AR10,0.55,0.0,0.0,0.2,0.2
AR100,0.55,0.0,0.0,0.2,0.2
ARsmall,,,,,
ARmedium,0.55,0.0,0.0,0.2,0.2
ARlarge,,,,,
