,AP,AP50,AP75,APsmall,APmedium,APlarge,AR1,AR10,AR100,ARsmall,ARmedium,ARlarge
0,0.15611689283032676,0.3086773034525763,0.11716171617161716,,0.12204392939293929,0.5016973125884017,0.0,0.09047619047619046,0.25,,0.23846153846153845,0.5375
