,resnet50,resnet18,resnet18_nms,resnet50_nms,ensemble
AP,0.700990099009901,0.036571782178217827,0.0,0.700990099009901,0.700990099009901
AP50,1.0,0.125,0.0,1.0,1.0
AP75,1.0,0.02805280528052806,0.0,1.0,1.0
APsmall,,,,,
APmedium,0.8,0.02857142857142856,0.0,0.8,0.8
APlarge,0.6,0.6,0.0,0.6,0.6
AR1,0.4,0.0,0.0,0.4,0.4
AR10,0.7,0.1,0.0,0.7,0.7
AR100,0.7,0.4,0.0,0.7,0.7
ARsmall,,,,,
ARmedium,0.8,0.2,0.0,0.8,0.8
ARlarge,0.6,0.6,0.0,0.6,0.6
