,resnet50,mobilenet_v3,mobilenet_v3_NMS,resnet50_nms,ensemble
AP,0.06666666666666668,0.0,0.0,0.0,0.0
AP50,0.1666666666666667,0.0,0.0,0.0,0.0
AP75,0.0,0.0,0.0,0.0,0.0
APsmall,,,,,
APmedium,,,,,
APlarge,0.06666666666666668,0.0,0.0,0.0,0.0
AR1,0.0,0.0,0.0,0.0,0.0
AR10,0.4,0.0,0.0,0.0,0.0
AR100,0.4,0.0,0.0,0.0,0.0
ARsmall,,,,,
ARmedium,,,,,
ARlarge,0.4,0.0,0.0,0.0,0.0
