,AP,AP50,AP75,APsmall,APmedium,APlarge,AR1,AR10,AR100,ARsmall,ARmedium,ARlarge
0,0.0036067892503536068,0.03606789250353607,0.0,,0.0,0.016666666666666666,0.0035714285714285713,0.0035714285714285713,0.0035714285714285713,,0.0,0.016666666666666666
