,resnet50,resnet18,resnet18_nms,resnet50_nms,ensemble
AP,0.3838283828382839,0.0,0.0,0.0,0.0
AP50,0.6666666666666669,0.0,0.0,0.0,0.0
AP75,0.2524752475247525,0.0,0.0,0.0,0.0
APsmall,,,,,
APmedium,0.600990099009901,0.0,0.0,0.0,0.0
APlarge,,,,,
AR1,0.0,0.0,0.0,0.0,0.0
AR10,0.6,0.0,0.0,0.0,0.0
AR100,0.6,0.0,0.0,0.0,0.0
ARsmall,,,,,
ARmedium,0.6,0.0,0.0,0.0,0.0
ARlarge,,,,,
