,resnet50,resnet18,resnet18_nms,resnet50_nms,ensemble
AP,0.9,0.13399339933993396,0.100990099009901,0.9,0.9
AP50,1.0,0.6699669966996697,0.504950495049505,1.0,1.0
AP75,1.0,0.0,0.0,1.0,1.0
APsmall,,,,,
APmedium,0.9,0.2,0.2,0.9,0.9
APlarge,0.9,0.2,0.0,0.9,0.9
AR1,0.45,0.1,0.1,0.45,0.45
AR10,0.9,0.2,0.1,0.9,0.9
AR100,0.9,0.2,0.1,0.9,0.9
ARsmall,,,,,
ARmedium,0.9,0.2,0.2,0.9,0.9
ARlarge,0.9,0.2,0.0,0.9,0.9
