,resnet50,resnet18,resnet18_nms,resnet50_nms,ensemble
AP,0.8252475247524753,0.11522866572371519,0.2504950495049505,0.8252475247524753,0.8252475247524753
AP50,1.0,0.5520980669495519,1.0,1.0,1.0
AP75,1.0,0.0,0.0,1.0,1.0
APsmall,,,,,
APmedium,0.8252475247524753,0.11895020384391375,0.300990099009901,0.8252475247524753,0.8252475247524753
APlarge,,,,,
AR1,0.4,0.1,0.1,0.4,0.4
AR10,0.85,0.1,0.3,0.85,0.85
AR100,0.85,0.3,0.3,0.85,0.85
ARsmall,,,,,
ARmedium,0.85,0.3,0.3,0.85,0.85
ARlarge,,,,,
