,resnet50,mobilenet_v3,mobilenet_v3_NMS,resnet50_nms,ensemble
AP,0.7,0.1525027502750275,0.19224422442244227,0.7,0.7
AP50,1.0,0.3111936193619362,0.41749174917491755,1.0,1.0
AP75,1.0,0.0,0.0,1.0,1.0
APsmall,,,,,
APmedium,0.6,0.2854785478547855,0.45049504950495045,0.6,0.6
APlarge,0.8,0.08333333333333336,0.0,0.8,0.8
AR1,0.55,0.125,0.125,0.55,0.55
AR10,0.7,0.125,0.225,0.7,0.7
AR100,0.7,0.475,0.225,0.7,0.7
ARsmall,,,,,
ARmedium,0.6,0.45,0.45,0.6,0.6
ARlarge,0.8,0.5,0.0,0.8,0.8
